job_id,job_title,company,location,address,latitude,longitude,skills,salary,employment_type,experience_years,community_need,local_job
LOC0001,Data Entry Operator,Community DataEntryOperator Services,Chennai,"Anna Nagar, Chennai, Tamil Nadu, India",13.0827,80.2707,"MS Excel, MS Office, Data Entry, English Communication","₹15,000 - ₹22,000",Full-time,0,Local employment opportunity,True
LOC0002,Computer Operator,Local ComputerOperator Solutions,Chennai,"T Nagar, Chennai, Tamil Nadu, India",13.0827,80.2707,"MS Office, Excel, Computer Operations, Communication","₹16,000 - ₹24,000",Full-time,0,Local employment opportunity,True
LOC0003,Customer Support Executive,City CustomerSupportExecutive Center,Chennai,"Adyar, Chennai, Tamil Nadu, India",13.0827,80.2707,"Communication, Customer Service, English, Problem Solving","₹18,000 - ₹28,000",Full-time,0,Local employment opportunity,True
LOC0004,Sales Executive,Regional SalesExecutive Technologies,Chennai,"Velachery, Chennai, Tamil Nadu, India",13.0827,80.2707,"Sales, Communication, Customer Service, Negotiation","₹18,000 - ₹30,000",Full-time,0,Local employment opportunity,True
LOC0005,Office Assistant,SkillBridge OfficeAssistant Business Hub,Chennai,"Guindy, Chennai, Tamil Nadu, India",13.0827,80.2707,"MS Office, Excel, Data Entry, Communication","₹15,000 - ₹23,000",Full-time,0,Local employment opportunity,True
LOC0006,Account Assistant,Community AccountAssistant Employment Services,Chennai,"Anna Nagar, Chennai, Tamil Nadu, India",13.0827,80.2707,"Accounting, Tally, Excel, MS Office","₹20,000 - ₹32,000",Full-time,1,Local employment opportunity,True
LOC0007,Junior Accountant,Local JuniorAccountant Services,Chennai,"T Nagar, Chennai, Tamil Nadu, India",13.0827,80.2707,"Accounting, Tally, GST, Excel, Bookkeeping","₹22,000 - ₹35,000",Full-time,1,Local employment opportunity,True
LOC0008,Digital Marketing Executive,City DigitalMarketingExecutive Solutions,Chennai,"Adyar, Chennai, Tamil Nadu, India",13.0827,80.2707,"Digital Marketing, SEO, Social Media, Communication, Content Writing","₹20,000 - ₹35,000",Full-time,1,Local employment opportunity,True
LOC0009,Teacher,Regional Teacher Center,Chennai,"Velachery, Chennai, Tamil Nadu, India",13.0827,80.2707,"Teaching, Communication, Mathematics, Classroom Management","₹18,000 - ₹30,000",Full-time,0,Local employment opportunity,True
LOC0010,IT Support Technician,SkillBridge ITSupportTechnician Technologies,Chennai,"Guindy, Chennai, Tamil Nadu, India",13.0827,80.2707,"Computer Hardware, Networking, Troubleshooting, Windows","₹22,000 - ₹38,000",Full-time,1,Local employment opportunity,True
LOC0011,Python Developer,Community PythonDeveloper Business Hub,Chennai,"Anna Nagar, Chennai, Tamil Nadu, India",13.0827,80.2707,"Python, SQL, Flask, Git, Communication","₹30,000 - ₹60,000",Full-time,1,Local employment opportunity,True
LOC0012,Web Developer,Local WebDeveloper Employment Services,Chennai,"T Nagar, Chennai, Tamil Nadu, India",13.0827,80.2707,"HTML, CSS, JavaScript, React, Git","₹25,000 - ₹50,000",Full-time,1,Local employment opportunity,True
LOC0013,Graphic Designer,City GraphicDesigner Services,Chennai,"Adyar, Chennai, Tamil Nadu, India",13.0827,80.2707,"Graphic Design, Photoshop, Illustrator, Creativity","₹20,000 - ₹40,000",Full-time,1,Local employment opportunity,True
LOC0014,Data Entry Operator,Community DataEntryOperator Services,Madurai,"Anna Nagar, Madurai, Tamil Nadu, India",9.9252,78.1198,"MS Excel, MS Office, Data Entry, English Communication","₹15,000 - ₹22,000",Full-time,0,Local employment opportunity,True
LOC0015,Computer Operator,Local ComputerOperator Solutions,Madurai,"KK Nagar, Madurai, Tamil Nadu, India",9.9252,78.1198,"MS Office, Excel, Computer Operations, Communication","₹16,000 - ₹24,000",Full-time,0,Local employment opportunity,True
LOC0016,Customer Support Executive,City CustomerSupportExecutive Center,Madurai,"Mattuthavani, Madurai, Tamil Nadu, India",9.9252,78.1198,"Communication, Customer Service, English, Problem Solving","₹18,000 - ₹28,000",Full-time,0,Local employment opportunity,True
LOC0017,Sales Executive,Regional SalesExecutive Technologies,Madurai,"Tallakulam, Madurai, Tamil Nadu, India",9.9252,78.1198,"Sales, Communication, Customer Service, Negotiation","₹18,000 - ₹30,000",Full-time,0,Local employment opportunity,True
LOC0018,Office Assistant,SkillBridge OfficeAssistant Business Hub,Madurai,"Simmakkal, Madurai, Tamil Nadu, India",9.9252,78.1198,"MS Office, Excel, Data Entry, Communication","₹15,000 - ₹23,000",Full-time,0,Local employment opportunity,True
LOC0019,Account Assistant,Community AccountAssistant Employment Services,Madurai,"Anna Nagar, Madurai, Tamil Nadu, India",9.9252,78.1198,"Accounting, Tally, Excel, MS Office","₹20,000 - ₹32,000",Full-time,1,Local employment opportunity,True
LOC0020,Junior Accountant,Local JuniorAccountant Services,Madurai,"KK Nagar, Madurai, Tamil Nadu, India",9.9252,78.1198,"Accounting, Tally, GST, Excel, Bookkeeping","₹22,000 - ₹35,000",Full-time,1,Local employment opportunity,True
LOC0021,Digital Marketing Executive,City DigitalMarketingExecutive Solutions,Madurai,"Mattuthavani, Madurai, Tamil Nadu, India",9.9252,78.1198,"Digital Marketing, SEO, Social Media, Communication, Content Writing","₹20,000 - ₹35,000",Full-time,1,Local employment opportunity,True
LOC0022,Teacher,Regional Teacher Center,Madurai,"Tallakulam, Madurai, Tamil Nadu, India",9.9252,78.1198,"Teaching, Communication, Mathematics, Classroom Management","₹18,000 - ₹30,000",Full-time,0,Local employment opportunity,True
LOC0023,IT Support Technician,SkillBridge ITSupportTechnician Technologies,Madurai,"Simmakkal, Madurai, Tamil Nadu, India",9.9252,78.1198,"Computer Hardware, Networking, Troubleshooting, Windows","₹22,000 - ₹38,000",Full-time,1,Local employment opportunity,True
LOC0024,Python Developer,Community PythonDeveloper Business Hub,Madurai,"Anna Nagar, Madurai, Tamil Nadu, India",9.9252,78.1198,"Python, SQL, Flask, Git, Communication","₹30,000 - ₹60,000",Full-time,1,Local employment opportunity,True
LOC0025,Web Developer,Local WebDeveloper Employment Services,Madurai,"KK Nagar, Madurai, Tamil Nadu, India",9.9252,78.1198,"HTML, CSS, JavaScript, React, Git","₹25,000 - ₹50,000",Full-time,1,Local employment opportunity,True
LOC0026,Graphic Designer,City GraphicDesigner Services,Madurai,"Mattuthavani, Madurai, Tamil Nadu, India",9.9252,78.1198,"Graphic Design, Photoshop, Illustrator, Creativity","₹20,000 - ₹40,000",Full-time,1,Local employment opportunity,True
LOC0027,Data Entry Operator,Community DataEntryOperator Services,Coimbatore,"RS Puram, Coimbatore, Tamil Nadu, India",11.0168,76.9558,"MS Excel, MS Office, Data Entry, English Communication","₹15,000 - ₹22,000",Full-time,0,Local employment opportunity,True
LOC0028,Computer Operator,Local ComputerOperator Solutions,Coimbatore,"Gandhipuram, Coimbatore, Tamil Nadu, India",11.0168,76.9558,"MS Office, Excel, Computer Operations, Communication","₹16,000 - ₹24,000",Full-time,0,Local employment opportunity,True
LOC0029,Customer Support Executive,City CustomerSupportExecutive Center,Coimbatore,"Peelamedu, Coimbatore, Tamil Nadu, India",11.0168,76.9558,"Communication, Customer Service, English, Problem Solving","₹18,000 - ₹28,000",Full-time,0,Local employment opportunity,True
LOC0030,Sales Executive,Regional SalesExecutive Technologies,Coimbatore,"Saibaba Colony, Coimbatore, Tamil Nadu, India",11.0168,76.9558,"Sales, Communication, Customer Service, Negotiation","₹18,000 - ₹30,000",Full-time,0,Local employment opportunity,True
LOC0031,Office Assistant,SkillBridge OfficeAssistant Business Hub,Coimbatore,"Singanallur, Coimbatore, Tamil Nadu, India",11.0168,76.9558,"MS Office, Excel, Data Entry, Communication","₹15,000 - ₹23,000",Full-time,0,Local employment opportunity,True
LOC0032,Account Assistant,Community AccountAssistant Employment Services,Coimbatore,"RS Puram, Coimbatore, Tamil Nadu, India",11.0168,76.9558,"Accounting, Tally, Excel, MS Office","₹20,000 - ₹32,000",Full-time,1,Local employment opportunity,True
LOC0033,Junior Accountant,Local JuniorAccountant Services,Coimbatore,"Gandhipuram, Coimbatore, Tamil Nadu, India",11.0168,76.9558,"Accounting, Tally, GST, Excel, Bookkeeping","₹22,000 - ₹35,000",Full-time,1,Local employment opportunity,True
LOC0034,Digital Marketing Executive,City DigitalMarketingExecutive Solutions,Coimbatore,"Peelamedu, Coimbatore, Tamil Nadu, India",11.0168,76.9558,"Digital Marketing, SEO, Social Media, Communication, Content Writing","₹20,000 - ₹35,000",Full-time,1,Local employment opportunity,True
LOC0035,Teacher,Regional Teacher Center,Coimbatore,"Saibaba Colony, Coimbatore, Tamil Nadu, India",11.0168,76.9558,"Teaching, Communication, Mathematics, Classroom Management","₹18,000 - ₹30,000",Full-time,0,Local employment opportunity,True
LOC0036,IT Support Technician,SkillBridge ITSupportTechnician Technologies,Coimbatore,"Singanallur, Coimbatore, Tamil Nadu, India",11.0168,76.9558,"Computer Hardware, Networking, Troubleshooting, Windows","₹22,000 - ₹38,000",Full-time,1,Local employment opportunity,True
LOC0037,Python Developer,Community PythonDeveloper Business Hub,Coimbatore,"RS Puram, Coimbatore, Tamil Nadu, India",11.0168,76.9558,"Python, SQL, Flask, Git, Communication","₹30,000 - ₹60,000",Full-time,1,Local employment opportunity,True
LOC0038,Web Developer,Local WebDeveloper Employment Services,Coimbatore,"Gandhipuram, Coimbatore, Tamil Nadu, India",11.0168,76.9558,"HTML, CSS, JavaScript, React, Git","₹25,000 - ₹50,000",Full-time,1,Local employment opportunity,True
LOC0039,Graphic Designer,City GraphicDesigner Services,Coimbatore,"Peelamedu, Coimbatore, Tamil Nadu, India",11.0168,76.9558,"Graphic Design, Photoshop, Illustrator, Creativity","₹20,000 - ₹40,000",Full-time,1,Local employment opportunity,True
LOC0040,Data Entry Operator,Community DataEntryOperator Services,Salem,"Fairlands, Salem, Tamil Nadu, India",11.6643,78.146,"MS Excel, MS Office, Data Entry, English Communication","₹15,000 - ₹22,000",Full-time,0,Local employment opportunity,True
LOC0041,Computer Operator,Local ComputerOperator Solutions,Salem,"Hasthampatti, Salem, Tamil Nadu, India",11.6643,78.146,"MS Office, Excel, Computer Operations, Communication","₹16,000 - ₹24,000",Full-time,0,Local employment opportunity,True
LOC0042,Customer Support Executive,City CustomerSupportExecutive Center,Salem,"Suramangalam, Salem, Tamil Nadu, India",11.6643,78.146,"Communication, Customer Service, English, Problem Solving","₹18,000 - ₹28,000",Full-time,0,Local employment opportunity,True
LOC0043,Sales Executive,Regional SalesExecutive Technologies,Salem,"Ammapet, Salem, Tamil Nadu, India",11.6643,78.146,"Sales, Communication, Customer Service, Negotiation","₹18,000 - ₹30,000",Full-time,0,Local employment opportunity,True
LOC0044,Office Assistant,SkillBridge OfficeAssistant Business Hub,Salem,"Swarnapuri, Salem, Tamil Nadu, India",11.6643,78.146,"MS Office, Excel, Data Entry, Communication","₹15,000 - ₹23,000",Full-time,0,Local employment opportunity,True
LOC0045,Account Assistant,Community AccountAssistant Employment Services,Salem,"Fairlands, Salem, Tamil Nadu, India",11.6643,78.146,"Accounting, Tally, Excel, MS Office","₹20,000 - ₹32,000",Full-time,1,Local employment opportunity,True
LOC0046,Junior Accountant,Local JuniorAccountant Services,Salem,"Hasthampatti, Salem, Tamil Nadu, India",11.6643,78.146,"Accounting, Tally, GST, Excel, Bookkeeping","₹22,000 - ₹35,000",Full-time,1,Local employment opportunity,True
LOC0047,Digital Marketing Executive,City DigitalMarketingExecutive Solutions,Salem,"Suramangalam, Salem, Tamil Nadu, India",11.6643,78.146,"Digital Marketing, SEO, Social Media, Communication, Content Writing","₹20,000 - ₹35,000",Full-time,1,Local employment opportunity,True
LOC0048,Teacher,Regional Teacher Center,Salem,"Ammapet, Salem, Tamil Nadu, India",11.6643,78.146,"Teaching, Communication, Mathematics, Classroom Management","₹18,000 - ₹30,000",Full-time,0,Local employment opportunity,True
LOC0049,IT Support Technician,SkillBridge ITSupportTechnician Technologies,Salem,"Swarnapuri, Salem, Tamil Nadu, India",11.6643,78.146,"Computer Hardware, Networking, Troubleshooting, Windows","₹22,000 - ₹38,000",Full-time,1,Local employment opportunity,True
LOC0050,Python Developer,Community PythonDeveloper Business Hub,Salem,"Fairlands, Salem, Tamil Nadu, India",11.6643,78.146,"Python, SQL, Flask, Git, Communication","₹30,000 - ₹60,000",Full-time,1,Local employment opportunity,True
LOC0051,Web Developer,Local WebDeveloper Employment Services,Salem,"Hasthampatti, Salem, Tamil Nadu, India",11.6643,78.146,"HTML, CSS, JavaScript, React, Git","₹25,000 - ₹50,000",Full-time,1,Local employment opportunity,True
LOC0052,Graphic Designer,City GraphicDesigner Services,Salem,"Suramangalam, Salem, Tamil Nadu, India",11.6643,78.146,"Graphic Design, Photoshop, Illustrator, Creativity","₹20,000 - ₹40,000",Full-time,1,Local employment opportunity,True
LOC0053,Data Entry Operator,Community DataEntryOperator Services,Tiruchirappalli,"Srirangam, Tiruchirappalli, Tamil Nadu, India",10.7905,78.7047,"MS Excel, MS Office, Data Entry, English Communication","₹15,000 - ₹22,000",Full-time,0,Local employment opportunity,True
LOC0054,Computer Operator,Local ComputerOperator Solutions,Tiruchirappalli,"Thillai Nagar, Tiruchirappalli, Tamil Nadu, India",10.7905,78.7047,"MS Office, Excel, Computer Operations, Communication","₹16,000 - ₹24,000",Full-time,0,Local employment opportunity,True
LOC0055,Customer Support Executive,City CustomerSupportExecutive Center,Tiruchirappalli,"Cantonment, Tiruchirappalli, Tamil Nadu, India",10.7905,78.7047,"Communication, Customer Service, English, Problem Solving","₹18,000 - ₹28,000",Full-time,0,Local employment opportunity,True
LOC0056,Sales Executive,Regional SalesExecutive Technologies,Tiruchirappalli,"Woraiyur, Tiruchirappalli, Tamil Nadu, India",10.7905,78.7047,"Sales, Communication, Customer Service, Negotiation","₹18,000 - ₹30,000",Full-time,0,Local employment opportunity,True
LOC0057,Office Assistant,SkillBridge OfficeAssistant Business Hub,Tiruchirappalli,"KK Nagar, Tiruchirappalli, Tamil Nadu, India",10.7905,78.7047,"MS Office, Excel, Data Entry, Communication","₹15,000 - ₹23,000",Full-time,0,Local employment opportunity,True
LOC0058,Account Assistant,Community AccountAssistant Employment Services,Tiruchirappalli,"Srirangam, Tiruchirappalli, Tamil Nadu, India",10.7905,78.7047,"Accounting, Tally, Excel, MS Office","₹20,000 - ₹32,000",Full-time,1,Local employment opportunity,True
LOC0059,Junior Accountant,Local JuniorAccountant Services,Tiruchirappalli,"Thillai Nagar, Tiruchirappalli, Tamil Nadu, India",10.7905,78.7047,"Accounting, Tally, GST, Excel, Bookkeeping","₹22,000 - ₹35,000",Full-time,1,Local employment opportunity,True
LOC0060,Digital Marketing Executive,City DigitalMarketingExecutive Solutions,Tiruchirappalli,"Cantonment, Tiruchirappalli, Tamil Nadu, India",10.7905,78.7047,"Digital Marketing, SEO, Social Media, Communication, Content Writing","₹20,000 - ₹35,000",Full-time,1,Local employment opportunity,True
LOC0061,Teacher,Regional Teacher Center,Tiruchirappalli,"Woraiyur, Tiruchirappalli, Tamil Nadu, India",10.7905,78.7047,"Teaching, Communication, Mathematics, Classroom Management","₹18,000 - ₹30,000",Full-time,0,Local employment opportunity,True
LOC0062,IT Support Technician,SkillBridge ITSupportTechnician Technologies,Tiruchirappalli,"KK Nagar, Tiruchirappalli, Tamil Nadu, India",10.7905,78.7047,"Computer Hardware, Networking, Troubleshooting, Windows","₹22,000 - ₹38,000",Full-time,1,Local employment opportunity,True
LOC0063,Python Developer,Community PythonDeveloper Business Hub,Tiruchirappalli,"Srirangam, Tiruchirappalli, Tamil Nadu, India",10.7905,78.7047,"Python, SQL, Flask, Git, Communication","₹30,000 - ₹60,000",Full-time,1,Local employment opportunity,True
LOC0064,Web Developer,Local WebDeveloper Employment Services,Tiruchirappalli,"Thillai Nagar, Tiruchirappalli, Tamil Nadu, India",10.7905,78.7047,"HTML, CSS, JavaScript, React, Git","₹25,000 - ₹50,000",Full-time,1,Local employment opportunity,True
LOC0065,Graphic Designer,City GraphicDesigner Services,Tiruchirappalli,"Cantonment, Tiruchirappalli, Tamil Nadu, India",10.7905,78.7047,"Graphic Design, Photoshop, Illustrator, Creativity","₹20,000 - ₹40,000",Full-time,1,Local employment opportunity,True
LOC0066,Data Entry Operator,Community DataEntryOperator Services,Tirunelveli,"Palayamkottai, Tirunelveli, Tamil Nadu, India",8.7139,77.7567,"MS Excel, MS Office, Data Entry, English Communication","₹15,000 - ₹22,000",Full-time,0,Local employment opportunity,True
LOC0067,Computer Operator,Local ComputerOperator Solutions,Tirunelveli,"Vannarpettai, Tirunelveli, Tamil Nadu, India",8.7139,77.7567,"MS Office, Excel, Computer Operations, Communication","₹16,000 - ₹24,000",Full-time,0,Local employment opportunity,True
LOC0068,Customer Support Executive,City CustomerSupportExecutive Center,Tirunelveli,"Perumalpuram, Tirunelveli, Tamil Nadu, India",8.7139,77.7567,"Communication, Customer Service, English, Problem Solving","₹18,000 - ₹28,000",Full-time,0,Local employment opportunity,True
LOC0069,Sales Executive,Regional SalesExecutive Technologies,Tirunelveli,"Maharaja Nagar, Tirunelveli, Tamil Nadu, India",8.7139,77.7567,"Sales, Communication, Customer Service, Negotiation","₹18,000 - ₹30,000",Full-time,0,Local employment opportunity,True
LOC0070,Office Assistant,SkillBridge OfficeAssistant Business Hub,Tirunelveli,"Tirunelveli Junction, Tirunelveli, Tamil Nadu, India",8.7139,77.7567,"MS Office, Excel, Data Entry, Communication","₹15,000 - ₹23,000",Full-time,0,Local employment opportunity,True
LOC0071,Account Assistant,Community AccountAssistant Employment Services,Tirunelveli,"Palayamkottai, Tirunelveli, Tamil Nadu, India",8.7139,77.7567,"Accounting, Tally, Excel, MS Office","₹20,000 - ₹32,000",Full-time,1,Local employment opportunity,True
LOC0072,Junior Accountant,Local JuniorAccountant Services,Tirunelveli,"Vannarpettai, Tirunelveli, Tamil Nadu, India",8.7139,77.7567,"Accounting, Tally, GST, Excel, Bookkeeping","₹22,000 - ₹35,000",Full-time,1,Local employment opportunity,True
LOC0073,Digital Marketing Executive,City DigitalMarketingExecutive Solutions,Tirunelveli,"Perumalpuram, Tirunelveli, Tamil Nadu, India",8.7139,77.7567,"Digital Marketing, SEO, Social Media, Communication, Content Writing","₹20,000 - ₹35,000",Full-time,1,Local employment opportunity,True
LOC0074,Teacher,Regional Teacher Center,Tirunelveli,"Maharaja Nagar, Tirunelveli, Tamil Nadu, India",8.7139,77.7567,"Teaching, Communication, Mathematics, Classroom Management","₹18,000 - ₹30,000",Full-time,0,Local employment opportunity,True
LOC0075,IT Support Technician,SkillBridge ITSupportTechnician Technologies,Tirunelveli,"Tirunelveli Junction, Tirunelveli, Tamil Nadu, India",8.7139,77.7567,"Computer Hardware, Networking, Troubleshooting, Windows","₹22,000 - ₹38,000",Full-time,1,Local employment opportunity,True
LOC0076,Python Developer,Community PythonDeveloper Business Hub,Tirunelveli,"Palayamkottai, Tirunelveli, Tamil Nadu, India",8.7139,77.7567,"Python, SQL, Flask, Git, Communication","₹30,000 - ₹60,000",Full-time,1,Local employment opportunity,True
LOC0077,Web Developer,Local WebDeveloper Employment Services,Tirunelveli,"Vannarpettai, Tirunelveli, Tamil Nadu, India",8.7139,77.7567,"HTML, CSS, JavaScript, React, Git","₹25,000 - ₹50,000",Full-time,1,Local employment opportunity,True
LOC0078,Graphic Designer,City GraphicDesigner Services,Tirunelveli,"Perumalpuram, Tirunelveli, Tamil Nadu, India",8.7139,77.7567,"Graphic Design, Photoshop, Illustrator, Creativity","₹20,000 - ₹40,000",Full-time,1,Local employment opportunity,True
LOC0079,Data Entry Operator,Community DataEntryOperator Services,Vellore,"Katpadi, Vellore, Tamil Nadu, India",12.9165,79.1325,"MS Excel, MS Office, Data Entry, English Communication","₹15,000 - ₹22,000",Full-time,0,Local employment opportunity,True
LOC0080,Computer Operator,Local ComputerOperator Solutions,Vellore,"Sathuvachari, Vellore, Tamil Nadu, India",12.9165,79.1325,"MS Office, Excel, Computer Operations, Communication","₹16,000 - ₹24,000",Full-time,0,Local employment opportunity,True
LOC0081,Customer Support Executive,City CustomerSupportExecutive Center,Vellore,"Gandhi Nagar, Vellore, Tamil Nadu, India",12.9165,79.1325,"Communication, Customer Service, English, Problem Solving","₹18,000 - ₹28,000",Full-time,0,Local employment opportunity,True
LOC0082,Sales Executive,Regional SalesExecutive Technologies,Vellore,"Thorapadi, Vellore, Tamil Nadu, India",12.9165,79.1325,"Sales, Communication, Customer Service, Negotiation","₹18,000 - ₹30,000",Full-time,0,Local employment opportunity,True
LOC0083,Office Assistant,SkillBridge OfficeAssistant Business Hub,Vellore,"Bagayam, Vellore, Tamil Nadu, India",12.9165,79.1325,"MS Office, Excel, Data Entry, Communication","₹15,000 - ₹23,000",Full-time,0,Local employment opportunity,True
LOC0084,Account Assistant,Community AccountAssistant Employment Services,Vellore,"Katpadi, Vellore, Tamil Nadu, India",12.9165,79.1325,"Accounting, Tally, Excel, MS Office","₹20,000 - ₹32,000",Full-time,1,Local employment opportunity,True
LOC0085,Junior Accountant,Local JuniorAccountant Services,Vellore,"Sathuvachari, Vellore, Tamil Nadu, India",12.9165,79.1325,"Accounting, Tally, GST, Excel, Bookkeeping","₹22,000 - ₹35,000",Full-time,1,Local employment opportunity,True
LOC0086,Digital Marketing Executive,City DigitalMarketingExecutive Solutions,Vellore,"Gandhi Nagar, Vellore, Tamil Nadu, India",12.9165,79.1325,"Digital Marketing, SEO, Social Media, Communication, Content Writing","₹20,000 - ₹35,000",Full-time,1,Local employment opportunity,True
LOC0087,Teacher,Regional Teacher Center,Vellore,"Thorapadi, Vellore, Tamil Nadu, India",12.9165,79.1325,"Teaching, Communication, Mathematics, Classroom Management","₹18,000 - ₹30,000",Full-time,0,Local employment opportunity,True
LOC0088,IT Support Technician,SkillBridge ITSupportTechnician Technologies,Vellore,"Bagayam, Vellore, Tamil Nadu, India",12.9165,79.1325,"Computer Hardware, Networking, Troubleshooting, Windows","₹22,000 - ₹38,000",Full-time,1,Local employment opportunity,True
LOC0089,Python Developer,Community PythonDeveloper Business Hub,Vellore,"Katpadi, Vellore, Tamil Nadu, India",12.9165,79.1325,"Python, SQL, Flask, Git, Communication","₹30,000 - ₹60,000",Full-time,1,Local employment opportunity,True
LOC0090,Web Developer,Local WebDeveloper Employment Services,Vellore,"Sathuvachari, Vellore, Tamil Nadu, India",12.9165,79.1325,"HTML, CSS, JavaScript, React, Git","₹25,000 - ₹50,000",Full-time,1,Local employment opportunity,True
LOC0091,Graphic Designer,City GraphicDesigner Services,Vellore,"Gandhi Nagar, Vellore, Tamil Nadu, India",12.9165,79.1325,"Graphic Design, Photoshop, Illustrator, Creativity","₹20,000 - ₹40,000",Full-time,1,Local employment opportunity,True
LOC0092,Data Entry Operator,Community DataEntryOperator Services,Bengaluru,"Whitefield, Bengaluru, Karnataka, India",12.9716,77.5946,"MS Excel, MS Office, Data Entry, English Communication","₹15,000 - ₹22,000",Full-time,0,Local employment opportunity,True
LOC0093,Computer Operator,Local ComputerOperator Solutions,Bengaluru,"Electronic City, Bengaluru, Karnataka, India",12.9716,77.5946,"MS Office, Excel, Computer Operations, Communication","₹16,000 - ₹24,000",Full-time,0,Local employment opportunity,True
LOC0094,Customer Support Executive,City CustomerSupportExecutive Center,Bengaluru,"Koramangala, Bengaluru, Karnataka, India",12.9716,77.5946,"Communication, Customer Service, English, Problem Solving","₹18,000 - ₹28,000",Full-time,0,Local employment opportunity,True
LOC0095,Sales Executive,Regional SalesExecutive Technologies,Bengaluru,"Indiranagar, Bengaluru, Karnataka, India",12.9716,77.5946,"Sales, Communication, Customer Service, Negotiation","₹18,000 - ₹30,000",Full-time,0,Local employment opportunity,True
LOC0096,Office Assistant,SkillBridge OfficeAssistant Business Hub,Bengaluru,"Yelahanka, Bengaluru, Karnataka, India",12.9716,77.5946,"MS Office, Excel, Data Entry, Communication","₹15,000 - ₹23,000",Full-time,0,Local employment opportunity,True
LOC0097,Account Assistant,Community AccountAssistant Employment Services,Bengaluru,"Whitefield, Bengaluru, Karnataka, India",12.9716,77.5946,"Accounting, Tally, Excel, MS Office","₹20,000 - ₹32,000",Full-time,1,Local employment opportunity,True
LOC0098,Junior Accountant,Local JuniorAccountant Services,Bengaluru,"Electronic City, Bengaluru, Karnataka, India",12.9716,77.5946,"Accounting, Tally, GST, Excel, Bookkeeping","₹22,000 - ₹35,000",Full-time,1,Local employment opportunity,True
LOC0099,Digital Marketing Executive,City DigitalMarketingExecutive Solutions,Bengaluru,"Koramangala, Bengaluru, Karnataka, India",12.9716,77.5946,"Digital Marketing, SEO, Social Media, Communication, Content Writing","₹20,000 - ₹35,000",Full-time,1,Local employment opportunity,True
LOC0100,Teacher,Regional Teacher Center,Bengaluru,"Indiranagar, Bengaluru, Karnataka, India",12.9716,77.5946,"Teaching, Communication, Mathematics, Classroom Management","₹18,000 - ₹30,000",Full-time,0,Local employment opportunity,True
LOC0101,IT Support Technician,SkillBridge ITSupportTechnician Technologies,Bengaluru,"Yelahanka, Bengaluru, Karnataka, India",12.9716,77.5946,"Computer Hardware, Networking, Troubleshooting, Windows","₹22,000 - ₹38,000",Full-time,1,Local employment opportunity,True
LOC0102,Python Developer,Community PythonDeveloper Business Hub,Bengaluru,"Whitefield, Bengaluru, Karnataka, India",12.9716,77.5946,"Python, SQL, Flask, Git, Communication","₹30,000 - ₹60,000",Full-time,1,Local employment opportunity,True
LOC0103,Web Developer,Local WebDeveloper Employment Services,Bengaluru,"Electronic City, Bengaluru, Karnataka, India",12.9716,77.5946,"HTML, CSS, JavaScript, React, Git","₹25,000 - ₹50,000",Full-time,1,Local employment opportunity,True
LOC0104,Graphic Designer,City GraphicDesigner Services,Bengaluru,"Koramangala, Bengaluru, Karnataka, India",12.9716,77.5946,"Graphic Design, Photoshop, Illustrator, Creativity","₹20,000 - ₹40,000",Full-time,1,Local employment opportunity,True
LOC0105,Data Entry Operator,Community DataEntryOperator Services,Hyderabad,"Ameerpet, Hyderabad, Telangana, India",17.385,78.4867,"MS Excel, MS Office, Data Entry, English Communication","₹15,000 - ₹22,000",Full-time,0,Local employment opportunity,True
LOC0106,Computer Operator,Local ComputerOperator Solutions,Hyderabad,"Madhapur, Hyderabad, Telangana, India",17.385,78.4867,"MS Office, Excel, Computer Operations, Communication","₹16,000 - ₹24,000",Full-time,0,Local employment opportunity,True
LOC0107,Customer Support Executive,City CustomerSupportExecutive Center,Hyderabad,"Kukatpally, Hyderabad, Telangana, India",17.385,78.4867,"Communication, Customer Service, English, Problem Solving","₹18,000 - ₹28,000",Full-time,0,Local employment opportunity,True
LOC0108,Sales Executive,Regional SalesExecutive Technologies,Hyderabad,"Gachibowli, Hyderabad, Telangana, India",17.385,78.4867,"Sales, Communication, Customer Service, Negotiation","₹18,000 - ₹30,000",Full-time,0,Local employment opportunity,True
LOC0109,Office Assistant,SkillBridge OfficeAssistant Business Hub,Hyderabad,"Secunderabad, Hyderabad, Telangana, India",17.385,78.4867,"MS Office, Excel, Data Entry, Communication","₹15,000 - ₹23,000",Full-time,0,Local employment opportunity,True
LOC0110,Account Assistant,Community AccountAssistant Employment Services,Hyderabad,"Ameerpet, Hyderabad, Telangana, India",17.385,78.4867,"Accounting, Tally, Excel, MS Office","₹20,000 - ₹32,000",Full-time,1,Local employment opportunity,True
LOC0111,Junior Accountant,Local JuniorAccountant Services,Hyderabad,"Madhapur, Hyderabad, Telangana, India",17.385,78.4867,"Accounting, Tally, GST, Excel, Bookkeeping","₹22,000 - ₹35,000",Full-time,1,Local employment opportunity,True
LOC0112,Digital Marketing Executive,City DigitalMarketingExecutive Solutions,Hyderabad,"Kukatpally, Hyderabad, Telangana, India",17.385,78.4867,"Digital Marketing, SEO, Social Media, Communication, Content Writing","₹20,000 - ₹35,000",Full-time,1,Local employment opportunity,True
LOC0113,Teacher,Regional Teacher Center,Hyderabad,"Gachibowli, Hyderabad, Telangana, India",17.385,78.4867,"Teaching, Communication, Mathematics, Classroom Management","₹18,000 - ₹30,000",Full-time,0,Local employment opportunity,True
LOC0114,IT Support Technician,SkillBridge ITSupportTechnician Technologies,Hyderabad,"Secunderabad, Hyderabad, Telangana, India",17.385,78.4867,"Computer Hardware, Networking, Troubleshooting, Windows","₹22,000 - ₹38,000",Full-time,1,Local employment opportunity,True
LOC0115,Python Developer,Community PythonDeveloper Business Hub,Hyderabad,"Ameerpet, Hyderabad, Telangana, India",17.385,78.4867,"Python, SQL, Flask, Git, Communication","₹30,000 - ₹60,000",Full-time,1,Local employment opportunity,True
LOC0116,Web Developer,Local WebDeveloper Employment Services,Hyderabad,"Madhapur, Hyderabad, Telangana, India",17.385,78.4867,"HTML, CSS, JavaScript, React, Git","₹25,000 - ₹50,000",Full-time,1,Local employment opportunity,True
LOC0117,Graphic Designer,City GraphicDesigner Services,Hyderabad,"Kukatpally, Hyderabad, Telangana, India",17.385,78.4867,"Graphic Design, Photoshop, Illustrator, Creativity","₹20,000 - ₹40,000",Full-time,1,Local employment opportunity,True
LOC0118,Data Entry Operator,Community DataEntryOperator Services,Kochi,"Edappally, Kochi, Kerala, India",9.9312,76.2673,"MS Excel, MS Office, Data Entry, English Communication","₹15,000 - ₹22,000",Full-time,0,Local employment opportunity,True
LOC0119,Computer Operator,Local ComputerOperator Solutions,Kochi,"Kakkanad, Kochi, Kerala, India",9.9312,76.2673,"MS Office, Excel, Computer Operations, Communication","₹16,000 - ₹24,000",Full-time,0,Local employment opportunity,True
LOC0120,Customer Support Executive,City CustomerSupportExecutive Center,Kochi,"Vyttila, Kochi, Kerala, India",9.9312,76.2673,"Communication, Customer Service, English, Problem Solving","₹18,000 - ₹28,000",Full-time,0,Local employment opportunity,True
LOC0121,Sales Executive,Regional SalesExecutive Technologies,Kochi,"Kaloor, Kochi, Kerala, India",9.9312,76.2673,"Sales, Communication, Customer Service, Negotiation","₹18,000 - ₹30,000",Full-time,0,Local employment opportunity,True
LOC0122,Office Assistant,SkillBridge OfficeAssistant Business Hub,Kochi,"Fort Kochi, Kochi, Kerala, India",9.9312,76.2673,"MS Office, Excel, Data Entry, Communication","₹15,000 - ₹23,000",Full-time,0,Local employment opportunity,True
LOC0123,Account Assistant,Community AccountAssistant Employment Services,Kochi,"Edappally, Kochi, Kerala, India",9.9312,76.2673,"Accounting, Tally, Excel, MS Office","₹20,000 - ₹32,000",Full-time,1,Local employment opportunity,True
LOC0124,Junior Accountant,Local JuniorAccountant Services,Kochi,"Kakkanad, Kochi, Kerala, India",9.9312,76.2673,"Accounting, Tally, GST, Excel, Bookkeeping","₹22,000 - ₹35,000",Full-time,1,Local employment opportunity,True
LOC0125,Digital Marketing Executive,City DigitalMarketingExecutive Solutions,Kochi,"Vyttila, Kochi, Kerala, India",9.9312,76.2673,"Digital Marketing, SEO, Social Media, Communication, Content Writing","₹20,000 - ₹35,000",Full-time,1,Local employment opportunity,True
LOC0126,Teacher,Regional Teacher Center,Kochi,"Kaloor, Kochi, Kerala, India",9.9312,76.2673,"Teaching, Communication, Mathematics, Classroom Management","₹18,000 - ₹30,000",Full-time,0,Local employment opportunity,True
LOC0127,IT Support Technician,SkillBridge ITSupportTechnician Technologies,Kochi,"Fort Kochi, Kochi, Kerala, India",9.9312,76.2673,"Computer Hardware, Networking, Troubleshooting, Windows","₹22,000 - ₹38,000",Full-time,1,Local employment opportunity,True
LOC0128,Python Developer,Community PythonDeveloper Business Hub,Kochi,"Edappally, Kochi, Kerala, India",9.9312,76.2673,"Python, SQL, Flask, Git, Communication","₹30,000 - ₹60,000",Full-time,1,Local employment opportunity,True
LOC0129,Web Developer,Local WebDeveloper Employment Services,Kochi,"Kakkanad, Kochi, Kerala, India",9.9312,76.2673,"HTML, CSS, JavaScript, React, Git","₹25,000 - ₹50,000",Full-time,1,Local employment opportunity,True
LOC0130,Graphic Designer,City GraphicDesigner Services,Kochi,"Vyttila, Kochi, Kerala, India",9.9312,76.2673,"Graphic Design, Photoshop, Illustrator, Creativity","₹20,000 - ₹40,000",Full-time,1,Local employment opportunity,True
LOC0131,Data Entry Operator,Community DataEntryOperator Services,Thiruvananthapuram,"Technopark, Thiruvananthapuram, Kerala, India",8.5241,76.9366,"MS Excel, MS Office, Data Entry, English Communication","₹15,000 - ₹22,000",Full-time,0,Local employment opportunity,True
LOC0132,Computer Operator,Local ComputerOperator Solutions,Thiruvananthapuram,"Kazhakkoottam, Thiruvananthapuram, Kerala, India",8.5241,76.9366,"MS Office, Excel, Computer Operations, Communication","₹16,000 - ₹24,000",Full-time,0,Local employment opportunity,True
LOC0133,Customer Support Executive,City CustomerSupportExecutive Center,Thiruvananthapuram,"Pattom, Thiruvananthapuram, Kerala, India",8.5241,76.9366,"Communication, Customer Service, English, Problem Solving","₹18,000 - ₹28,000",Full-time,0,Local employment opportunity,True
LOC0134,Sales Executive,Regional SalesExecutive Technologies,Thiruvananthapuram,"Kesavadasapuram, Thiruvananthapuram, Kerala, India",8.5241,76.9366,"Sales, Communication, Customer Service, Negotiation","₹18,000 - ₹30,000",Full-time,0,Local employment opportunity,True
LOC0135,Office Assistant,SkillBridge OfficeAssistant Business Hub,Thiruvananthapuram,"Kowdiar, Thiruvananthapuram, Kerala, India",8.5241,76.9366,"MS Office, Excel, Data Entry, Communication","₹15,000 - ₹23,000",Full-time,0,Local employment opportunity,True
LOC0136,Account Assistant,Community AccountAssistant Employment Services,Thiruvananthapuram,"Technopark, Thiruvananthapuram, Kerala, India",8.5241,76.9366,"Accounting, Tally, Excel, MS Office","₹20,000 - ₹32,000",Full-time,1,Local employment opportunity,True
LOC0137,Junior Accountant,Local JuniorAccountant Services,Thiruvananthapuram,"Kazhakkoottam, Thiruvananthapuram, Kerala, India",8.5241,76.9366,"Accounting, Tally, GST, Excel, Bookkeeping","₹22,000 - ₹35,000",Full-time,1,Local employment opportunity,True
LOC0138,Digital Marketing Executive,City DigitalMarketingExecutive Solutions,Thiruvananthapuram,"Pattom, Thiruvananthapuram, Kerala, India",8.5241,76.9366,"Digital Marketing, SEO, Social Media, Communication, Content Writing","₹20,000 - ₹35,000",Full-time,1,Local employment opportunity,True
LOC0139,Teacher,Regional Teacher Center,Thiruvananthapuram,"Kesavadasapuram, Thiruvananthapuram, Kerala, India",8.5241,76.9366,"Teaching, Communication, Mathematics, Classroom Management","₹18,000 - ₹30,000",Full-time,0,Local employment opportunity,True
LOC0140,IT Support Technician,SkillBridge ITSupportTechnician Technologies,Thiruvananthapuram,"Kowdiar, Thiruvananthapuram, Kerala, India",8.5241,76.9366,"Computer Hardware, Networking, Troubleshooting, Windows","₹22,000 - ₹38,000",Full-time,1,Local employment opportunity,True
LOC0141,Python Developer,Community PythonDeveloper Business Hub,Thiruvananthapuram,"Technopark, Thiruvananthapuram, Kerala, India",8.5241,76.9366,"Python, SQL, Flask, Git, Communication","₹30,000 - ₹60,000",Full-time,1,Local employment opportunity,True
LOC0142,Web Developer,Local WebDeveloper Employment Services,Thiruvananthapuram,"Kazhakkoottam, Thiruvananthapuram, Kerala, India",8.5241,76.9366,"HTML, CSS, JavaScript, React, Git","₹25,000 - ₹50,000",Full-time,1,Local employment opportunity,True
LOC0143,Graphic Designer,City GraphicDesigner Services,Thiruvananthapuram,"Pattom, Thiruvananthapuram, Kerala, India",8.5241,76.9366,"Graphic Design, Photoshop, Illustrator, Creativity","₹20,000 - ₹40,000",Full-time,1,Local employment opportunity,True
LOC0144,Data Entry Operator,Community DataEntryOperator Services,Kozhikode,"Nadakkavu, Kozhikode, Kerala, India",11.2588,75.7804,"MS Excel, MS Office, Data Entry, English Communication","₹15,000 - ₹22,000",Full-time,0,Local employment opportunity,True
LOC0145,Computer Operator,Local ComputerOperator Solutions,Kozhikode,"Mavoor Road, Kozhikode, Kerala, India",11.2588,75.7804,"MS Office, Excel, Computer Operations, Communication","₹16,000 - ₹24,000",Full-time,0,Local employment opportunity,True
LOC0146,Customer Support Executive,City CustomerSupportExecutive Center,Kozhikode,"Kallai, Kozhikode, Kerala, India",11.2588,75.7804,"Communication, Customer Service, English, Problem Solving","₹18,000 - ₹28,000",Full-time,0,Local employment opportunity,True
LOC0147,Sales Executive,Regional SalesExecutive Technologies,Kozhikode,"West Hill, Kozhikode, Kerala, India",11.2588,75.7804,"Sales, Communication, Customer Service, Negotiation","₹18,000 - ₹30,000",Full-time,0,Local employment opportunity,True
LOC0148,Office Assistant,SkillBridge OfficeAssistant Business Hub,Kozhikode,"Palayam, Kozhikode, Kerala, India",11.2588,75.7804,"MS Office, Excel, Data Entry, Communication","₹15,000 - ₹23,000",Full-time,0,Local employment opportunity,True
LOC0149,Account Assistant,Community AccountAssistant Employment Services,Kozhikode,"Nadakkavu, Kozhikode, Kerala, India",11.2588,75.7804,"Accounting, Tally, Excel, MS Office","₹20,000 - ₹32,000",Full-time,1,Local employment opportunity,True
LOC0150,Junior Accountant,Local JuniorAccountant Services,Kozhikode,"Mavoor Road, Kozhikode, Kerala, India",11.2588,75.7804,"Accounting, Tally, GST, Excel, Bookkeeping","₹22,000 - ₹35,000",Full-time,1,Local employment opportunity,True
LOC0151,Digital Marketing Executive,City DigitalMarketingExecutive Solutions,Kozhikode,"Kallai, Kozhikode, Kerala, India",11.2588,75.7804,"Digital Marketing, SEO, Social Media, Communication, Content Writing","₹20,000 - ₹35,000",Full-time,1,Local employment opportunity,True
LOC0152,Teacher,Regional Teacher Center,Kozhikode,"West Hill, Kozhikode, Kerala, India",11.2588,75.7804,"Teaching, Communication, Mathematics, Classroom Management","₹18,000 - ₹30,000",Full-time,0,Local employment opportunity,True
LOC0153,IT Support Technician,SkillBridge ITSupportTechnician Technologies,Kozhikode,"Palayam, Kozhikode, Kerala, India",11.2588,75.7804,"Computer Hardware, Networking, Troubleshooting, Windows","₹22,000 - ₹38,000",Full-time,1,Local employment opportunity,True
LOC0154,Python Developer,Community PythonDeveloper Business Hub,Kozhikode,"Nadakkavu, Kozhikode, Kerala, India",11.2588,75.7804,"Python, SQL, Flask, Git, Communication","₹30,000 - ₹60,000",Full-time,1,Local employment opportunity,True
LOC0155,Web Developer,Local WebDeveloper Employment Services,Kozhikode,"Mavoor Road, Kozhikode, Kerala, India",11.2588,75.7804,"HTML, CSS, JavaScript, React, Git","₹25,000 - ₹50,000",Full-time,1,Local employment opportunity,True
LOC0156,Graphic Designer,City GraphicDesigner Services,Kozhikode,"Kallai, Kozhikode, Kerala, India",11.2588,75.7804,"Graphic Design, Photoshop, Illustrator, Creativity","₹20,000 - ₹40,000",Full-time,1,Local employment opportunity,True
LOC0157,Data Entry Operator,Community DataEntryOperator Services,Kollam,"Chinnakada, Kollam, Kerala, India",8.8932,76.6141,"MS Excel, MS Office, Data Entry, English Communication","₹15,000 - ₹22,000",Full-time,0,Local employment opportunity,True
LOC0158,Computer Operator,Local ComputerOperator Solutions,Kollam,"Kadappakada, Kollam, Kerala, India",8.8932,76.6141,"MS Office, Excel, Computer Operations, Communication","₹16,000 - ₹24,000",Full-time,0,Local employment opportunity,True
LOC0159,Customer Support Executive,City CustomerSupportExecutive Center,Kollam,"Kottarakkara, Kollam, Kerala, India",8.8932,76.6141,"Communication, Customer Service, English, Problem Solving","₹18,000 - ₹28,000",Full-time,0,Local employment opportunity,True
LOC0160,Sales Executive,Regional SalesExecutive Technologies,Kollam,"Karunagappally, Kollam, Kerala, India",8.8932,76.6141,"Sales, Communication, Customer Service, Negotiation","₹18,000 - ₹30,000",Full-time,0,Local employment opportunity,True
LOC0161,Office Assistant,SkillBridge OfficeAssistant Business Hub,Kollam,"Asramam, Kollam, Kerala, India",8.8932,76.6141,"MS Office, Excel, Data Entry, Communication","₹15,000 - ₹23,000",Full-time,0,Local employment opportunity,True
LOC0162,Account Assistant,Community AccountAssistant Employment Services,Kollam,"Chinnakada, Kollam, Kerala, India",8.8932,76.6141,"Accounting, Tally, Excel, MS Office","₹20,000 - ₹32,000",Full-time,1,Local employment opportunity,True
LOC0163,Junior Accountant,Local JuniorAccountant Services,Kollam,"Kadappakada, Kollam, Kerala, India",8.8932,76.6141,"Accounting, Tally, GST, Excel, Bookkeeping","₹22,000 - ₹35,000",Full-time,1,Local employment opportunity,True
LOC0164,Digital Marketing Executive,City DigitalMarketingExecutive Solutions,Kollam,"Kottarakkara, Kollam, Kerala, India",8.8932,76.6141,"Digital Marketing, SEO, Social Media, Communication, Content Writing","₹20,000 - ₹35,000",Full-time,1,Local employment opportunity,True
LOC0165,Teacher,Regional Teacher Center,Kollam,"Karunagappally, Kollam, Kerala, India",8.8932,76.6141,"Teaching, Communication, Mathematics, Classroom Management","₹18,000 - ₹30,000",Full-time,0,Local employment opportunity,True
LOC0166,IT Support Technician,SkillBridge ITSupportTechnician Technologies,Kollam,"Asramam, Kollam, Kerala, India",8.8932,76.6141,"Computer Hardware, Networking, Troubleshooting, Windows","₹22,000 - ₹38,000",Full-time,1,Local employment opportunity,True
LOC0167,Python Developer,Community PythonDeveloper Business Hub,Kollam,"Chinnakada, Kollam, Kerala, India",8.8932,76.6141,"Python, SQL, Flask, Git, Communication","₹30,000 - ₹60,000",Full-time,1,Local employment opportunity,True
LOC0168,Web Developer,Local WebDeveloper Employment Services,Kollam,"Kadappakada, Kollam, Kerala, India",8.8932,76.6141,"HTML, CSS, JavaScript, React, Git","₹25,000 - ₹50,000",Full-time,1,Local employment opportunity,True
LOC0169,Graphic Designer,City GraphicDesigner Services,Kollam,"Kottarakkara, Kollam, Kerala, India",8.8932,76.6141,"Graphic Design, Photoshop, Illustrator, Creativity","₹20,000 - ₹40,000",Full-time,1,Local employment opportunity,True
